prashanth14,Password14,prashanth14
prashanth15,Password15,prashanth15
prashanth16,Password16,prashanth16
prashanth17,Password17,prashanth17
prashanth18,Password18,prashanth18
prashanth19,Password19,prashanth19
prashanth20,Password20,prashanth20
prashanth21,Password21,prashanth21
prashanth22,Password22,prashanth22
prashanth23,Password23,prashanth23
prashanth24,Password24,prashanth24
prashanth25,Password25,prashanth25
prashanth26,Password26,prashanth26
prashanth27,Password27,prashanth27
prashanth28,Password28,prashanth28
prashanth29,Password29,prashanth29
prashanth30,Password30,prashanth30
prashanth31,Password31,prashanth31
prashanth32,Password32,prashanth32
prashanth33,Password33,prashanth33
prashanth34,Password34,prashanth34
prashanth35,Password35,prashanth35
prashanth36,Password36,prashanth36
prashanth37,Password37,prashanth37
prashanth38,Password38,prashanth38
prashanth39,Password39,prashanth39
prashanth40,Password40,prashanth40
prashanth41,Password41,prashanth41
prashanth42,Password42,prashanth42
prashanth43,Password43,prashanth43
prashanth44,Password44,prashanth44
prashanth45,Password45,prashanth45
prashanth46,Password46,prashanth46
prashanth47,Password47,prashanth47
prashanth48,Password48,prashanth48
prashanth49,Password49,prashanth49
prashanth50,Password50,prashanth50
